date,message_count,session_count,tool_call_count,user_msg_count,duration_min,files_modified_count,source
2026-01-06,1886,2,559,0,0,0,stats_cache
2026-01-07,3162,3,917,0,0,0,stats_cache
2026-01-08,391,2,118,0,0,0,stats_cache
2026-01-09,3013,2,912,0,0,0,stats_cache
2026-01-10,6001,2,1876,0,0,0,stats_cache
2026-01-11,1311,5,383,0,0,0,stats_cache
2026-01-13,1187,7,333,0,0,0,stats_cache
2026-01-14,1361,3,368,0,0,0,stats_cache
2026-01-15,693,3,189,0,0,0,stats_cache
2026-01-16,4930,7,862,0,0,0,stats_cache
2026-01-17,3460,5,633,0,0,0,stats_cache
2026-01-18,35,1,7,0,0,0,stats_cache
2026-01-19,1629,3,327,0,0,0,stats_cache
2026-01-20,274,3,61,0,0,0,stats_cache
2026-01-21,1930,3,403,0,0,0,stats_cache
2026-01-22,986,1,201,0,0,0,stats_cache
2026-01-23,2852,5,376,0,0,0,stats_cache
2026-01-26,89,1,27,0,0,0,stats_cache
2026-01-27,504,4,102,0,0,0,stats_cache
2026-01-28,273,4,63,0,0,0,stats_cache
2026-01-29,1657,5,124,0,0,0,stats_cache
2026-01-30,604,2,97,0,0,0,stats_cache
2026-01-31,14183,2,350,0,0,0,stats_cache
2026-02-01,2956,2,368,0,0,0,stats_cache
2026-02-02,1878,2,322,0,0,0,stats_cache
2026-02-03,31,1,9,0,0,0,stats_cache
2026-02-04,62,1,23,0,0,0,stats_cache
2026-02-07,559,2,84,0,0,0,stats_cache
2026-02-08,3479,7,582,0,0,0,stats_cache
2026-02-09,2763,6,564,0,0,0,stats_cache
2026-02-10,7291,13,1292,0,0,0,stats_cache
2026-02-11,1672,3,253,0,0,0,stats_cache
2026-02-12,1371,3,168,0,0,0,stats_cache
2026-02-14,16913,2,1334,0,0,0,stats_cache
2026-02-17,13060,7,2003,0,0,0,stats_cache
2026-02-19,1186,1,216,0,0,0,stats_cache
2026-02-20,1887,1,210,0,0,0,stats_cache
2026-03-31,76,2,11,76,665,60,session_tmp
2026-04-01,194,3,11,194,1018,90,session_tmp
2026-04-02,136,3,14,136,1418,61,session_tmp
2026-04-03,30,2,8,30,1538,11,session_tmp
2026-04-04,18,1,8,18,522,8,session_tmp
2026-04-06,18,1,8,18,690,11,session_tmp
2026-04-07,50,2,10,50,675,55,session_tmp
2026-04-08,213,3,8,213,1297,90,session_tmp
2026-04-09,603,3,8,603,1981,90,session_tmp
2026-04-10,536,3,12,536,1636,87,session_tmp
2026-04-11,562,2,12,562,1206,60,session_tmp
2026-04-12,36,2,11,36,523,60,session_tmp
2026-04-13,96,3,11,96,1052,56,session_tmp
2026-04-14,17,2,4,17,343,3,session_tmp
2026-04-15,161,6,10,161,946,115,session_tmp
2026-04-16,214,7,11,214,829,206,session_tmp
2026-04-17,547,13,14,547,2628,336,session_tmp
2026-04-18,35,3,12,35,0,49,session_tmp
