date,prompt_count,avg_prompt_length,median_prompt_length,max_prompt_length,avg_prompt_words,images_sent,empty_prompt_pct
2026-03-17,50,146.0,148,233,20.2,0,92.0
2026-03-18,28,125.0,32,309,16.6,0,75.0
2026-03-19,786,494.0,104,10241,73.8,0,93.4
2026-03-20,391,531.0,181,11462,75.3,0,90.0
2026-03-21,16,998.0,238,2525,144.0,0,81.2
2026-03-22,220,1591.0,283,11557,246.1,0,84.5
2026-03-23,221,302.0,117,1316,45.6,0,91.4
2026-03-24,6,11014.0,11014,11014,1593.0,0,83.3
2026-03-25,156,284.0,173,889,36.3,0,91.0
2026-03-26,248,134.0,81,393,20.1,0,94.8
2026-03-27,93,422.0,58,4403,68.3,0,77.4
2026-03-28,271,439.0,164,4392,66.5,0,70.5
2026-03-30,296,502.0,217,4998,83.6,0,86.8
2026-03-31,699,385.0,115,3863,55.2,0,95.0
2026-04-01,364,390.0,83,6468,58.7,0,87.6
2026-04-02,1528,177.0,86,3803,26.9,0,93.5
2026-04-03,553,389.0,80,9021,61.8,0,88.8
2026-04-06,70,178.0,63,713,29.3,0,91.4
2026-04-07,652,1160.0,104,22498,166.0,0,93.3
2026-04-08,1168,113.0,28,1969,17.6,0,95.4
2026-04-09,905,683.0,48,23072,100.2,0,92.8
2026-04-10,1300,726.0,70,50055,62.6,0,93.2
2026-04-11,69,95.0,86,386,15.9,0,78.3
2026-04-12,1463,1082.0,254,23150,155.8,0,93.7
2026-04-13,348,1080.0,150,22624,154.5,0,84.5
2026-04-14,85,1534.0,225,9502,227.2,0,82.4
2026-04-15,1277,523.0,76,22613,69.3,0,89.1
2026-04-16,1626,311.0,55,6661,44.8,0,94.8
2026-04-17,3150,402.0,88,25358,58.9,0,95.7
