date,message_count,session_count,tool_call_count
2026-01-06,1886,2,559
2026-01-07,3162,3,917
2026-01-08,391,2,118
2026-01-09,3013,2,912
2026-01-10,6001,2,1876
2026-01-11,1311,5,383
2026-01-13,1187,7,333
2026-01-14,1361,3,368
2026-01-15,693,3,189
2026-01-16,4930,7,862
2026-01-17,3460,5,633
2026-01-18,35,1,7
2026-01-19,1629,3,327
2026-01-20,274,3,61
2026-01-21,1930,3,403
2026-01-22,986,1,201
2026-01-23,2852,5,376
2026-01-26,89,1,27
2026-01-27,504,4,102
2026-01-28,273,4,63
2026-01-29,1657,5,124
2026-01-30,604,2,97
2026-01-31,14183,2,350
2026-02-01,2956,2,368
2026-02-02,1878,2,322
2026-02-03,31,1,9
2026-02-04,62,1,23
2026-02-07,559,2,84
2026-02-08,3479,7,582
2026-02-09,2763,6,564
2026-02-10,7291,13,1292
2026-02-11,1672,3,253
2026-02-12,1371,3,168
2026-02-14,16913,2,1334
2026-02-17,13060,7,2003
2026-02-19,1186,1,216
2026-02-20,1887,1,210
